traj_index,frame_mean,interior_mean
0,0.49884,0.49948
1,0.49894,0.49929
2,0.49904,0.49941
3,0.49933,0.49921
4,0.49913,0.49933
5,0.49921,0.49949
6,0.49921,0.49932
7,0.49907,0.49890
8,0.49938,0.49917
9,0.49884,0.49934
10,0.49850,0.49927
11,0.49813,0.49920
12,0.49803,0.49917
13,0.49843,0.49931
14,0.49862,0.49938
15,0.49841,0.49934
16,0.49876,0.49936
17,0.49895,0.49939
18,0.49880,0.49954
19,0.49901,0.49971
20,0.49883,0.49978
21,0.49834,0.49979
22,0.49831,0.49990
23,0.49834,0.49982
24,0.49826,0.50004
25,0.49836,0.50005
26,0.49829,0.50023
27,0.49789,0.50009
28,0.49781,0.50008
29,0.49745,0.49983
30,0.49743,0.49962
31,0.49721,0.49970
32,0.49765,0.49962
33,0.49748,0.49954
34,0.49769,0.49963
35,0.49778,0.49959
36,0.49739,0.49958
37,0.49710,0.49949
38,0.49754,0.49921
39,0.49737,0.49918
40,0.49720,0.49930
41,0.49730,0.49938
42,0.49766,0.49950
43,0.49754,0.49955
44,0.49788,0.49958
45,0.49780,0.49958
46,0.49761,0.49937
47,0.49794,0.49918
48,0.49765,0.49938
49,0.49799,0.49929
50,0.49808,0.49910
51,0.49800,0.49915
52,0.49785,0.49925
53,0.49788,0.49907
54,0.49769,0.49921
55,0.49772,0.49899
56,0.49763,0.49912
57,0.49772,0.49908
58,0.49766,0.49891
59,0.49739,0.49898
60,0.49770,0.49917
61,0.49771,0.49893
62,0.49791,0.49884
63,0.49787,0.49881
64,0.49803,0.49924
65,0.49784,0.49941
66,0.49796,0.49946
67,0.49823,0.49942
68,0.49801,0.49930
69,0.49770,0.49941
70,0.49812,0.49926
71,0.49817,0.49908
72,0.49823,0.49903
73,0.49802,0.49901
74,0.49850,0.49895
75,0.49810,0.49913
76,0.49788,0.49893
77,0.49784,0.49899
78,0.49804,0.49887
79,0.49802,0.49865
80,0.49842,0.49884
81,0.49861,0.49885
82,0.49831,0.49870
83,0.49825,0.49885
84,0.49823,0.49879
85,0.49840,0.49892
86,0.49869,0.49872
87,0.49865,0.49874
88,0.49831,0.49870
89,0.49778,0.49870
90,0.49750,0.49844
91,0.49719,0.49827
92,0.49757,0.49829
93,0.49784,0.49833
94,0.49766,0.49849
95,0.49797,0.49857
96,0.49755,0.49851
97,0.49752,0.49845
98,0.49748,0.49842
99,0.49805,0.49842
100,0.49809,0.49831
101,0.49801,0.49834
102,0.49815,0.49843
103,0.49776,0.49853
104,0.49737,0.49832
105,0.49726,0.49805
106,0.49747,0.49778
107,0.49802,0.49793
108,0.49715,0.49802
109,0.49715,0.49805
110,0.49748,0.49802
111,0.49743,0.49797
112,0.49751,0.49808
113,0.49755,0.49805
114,0.49745,0.49811
115,0.49699,0.49811
116,0.49725,0.49817
117,0.49691,0.49792
118,0.49691,0.49791
119,0.49756,0.49787
120,0.49759,0.49788
121,0.49758,0.49774
122,0.49805,0.49756
123,0.49786,0.49768
124,0.49738,0.49769
125,0.49746,0.49754
126,0.49750,0.49758
127,0.49717,0.49753
128,0.49618,0.49754
129,0.49688,0.49758
130,0.49679,0.49772
131,0.49698,0.49782
132,0.49657,0.49798
133,0.49644,0.49802
134,0.49630,0.49807
135,0.49623,0.49807
136,0.49613,0.49796
137,0.49582,0.49798
138,0.49553,0.49769
139,0.49555,0.49766
140,0.49531,0.49784
141,0.49542,0.49779
142,0.49575,0.49776
143,0.49566,0.49770
144,0.49539,0.49755
145,0.49554,0.49774
146,0.49598,0.49786
147,0.49636,0.49791
148,0.49629,0.49797
149,0.49601,0.49786
150,0.49599,0.49794
151,0.49589,0.49809
152,0.49623,0.49826
153,0.49613,0.49837
154,0.49593,0.49837
155,0.49580,0.49816
156,0.49596,0.49805
157,0.49575,0.49815
158,0.49594,0.49816
159,0.49569,0.49816
160,0.49596,0.49820
161,0.49585,0.49829
162,0.49587,0.49827
163,0.49592,0.49811
164,0.49630,0.49812
165,0.49609,0.49819
166,0.49600,0.49821
167,0.49617,0.49811
168,0.49596,0.49813
169,0.49652,0.49797
170,0.49612,0.49814
171,0.49593,0.49798
172,0.49554,0.49778
173,0.49556,0.49763
174,0.49574,0.49782
175,0.49561,0.49760
176,0.49532,0.49764
177,0.49541,0.49755
178,0.49519,0.49761
179,0.49510,0.49745
180,0.49577,0.49738
181,0.49581,0.49746
182,0.49577,0.49757
183,0.49587,0.49739
184,0.49574,0.49758
185,0.49570,0.49754
186,0.49535,0.49739
187,0.49592,0.49730
188,0.49618,0.49727
189,0.49595,0.49723
190,0.49572,0.49739
191,0.49541,0.49711
192,0.49507,0.49707
193,0.49519,0.49696
194,0.49513,0.49702
195,0.49501,0.49710
196,0.49501,0.49705
197,0.49483,0.49709
198,0.49427,0.49707
199,0.49407,0.49699
200,0.49414,0.49699
201,0.49391,0.49712
202,0.49375,0.49738
203,0.49378,0.49728
204,0.49380,0.49718
205,0.49407,0.49723
206,0.49414,0.49721
207,0.49396,0.49714
208,0.49411,0.49725
209,0.49425,0.49718
210,0.49440,0.49731
211,0.49435,0.49733
212,0.49421,0.49725
213,0.49417,0.49723
214,0.49451,0.49725
215,0.49463,0.49720
216,0.49509,0.49724
217,0.49543,0.49732
218,0.49525,0.49738
219,0.49510,0.49750
220,0.49513,0.49749
221,0.49492,0.49765
222,0.49487,0.49755
223,0.49453,0.49758
224,0.49418,0.49741
225,0.49360,0.49722
226,0.49350,0.49704
227,0.49311,0.49715
228,0.49323,0.49717
229,0.49309,0.49707
230,0.49274,0.49703
231,0.49233,0.49709
232,0.49245,0.49701
233,0.49233,0.49698
234,0.49181,0.49687
235,0.49187,0.49653
236,0.49191,0.49666
237,0.49187,0.49672
238,0.49212,0.49681
239,0.49200,0.49671
240,0.49198,0.49654
241,0.49130,0.49642
242,0.49162,0.49645
243,0.49160,0.49663
244,0.49140,0.49663
245,0.49151,0.49674
246,0.49150,0.49660
247,0.49131,0.49659
248,0.49139,0.49670
249,0.49134,0.49671
250,0.49090,0.49684
251,0.49086,0.49672
252,0.49026,0.49665
253,0.48981,0.49683
254,0.48984,0.49662
255,0.48994,0.49669
256,0.48989,0.49652
257,0.48973,0.49671
258,0.49000,0.49670
259,0.48992,0.49657
260,0.48998,0.49661
261,0.48993,0.49663
262,0.49012,0.49658
263,0.49015,0.49665
264,0.49019,0.49676
265,0.49029,0.49674
266,0.49006,0.49677
267,0.49028,0.49680
268,0.49018,0.49674
269,0.48969,0.49668
270,0.48965,0.49666
271,0.48960,0.49659
272,0.48946,0.49637
273,0.48920,0.49607
274,0.48934,0.49596
275,0.48965,0.49578
276,0.48966,0.49580
277,0.48942,0.49573
278,0.48936,0.49576
279,0.48940,0.49577
280,0.48893,0.49593
281,0.48895,0.49585
282,0.48856,0.49584
283,0.48797,0.49563
284,0.48835,0.49554
285,0.48797,0.49535
286,0.48787,0.49511
287,0.48801,0.49484
288,0.48765,0.49478
289,0.48731,0.49465
290,0.48726,0.49459
291,0.48768,0.49468
292,0.48757,0.49458
293,0.48770,0.49453
294,0.48746,0.49442
295,0.48700,0.49440
296,0.48727,0.49446
297,0.48697,0.49435
298,0.48702,0.49440
299,0.48719,0.49409
300,0.48750,0.49422
301,0.48775,0.49430
302,0.48787,0.49439
303,0.48720,0.49427
304,0.48695,0.49413
305,0.48667,0.49409
306,0.48622,0.49411
307,0.48618,0.49391
308,0.48620,0.49411
309,0.48632,0.49424
310,0.48603,0.49424
311,0.48563,0.49417
312,0.48564,0.49410
313,0.48533,0.49396
314,0.48548,0.49390
315,0.48517,0.49392
316,0.48534,0.49390
317,0.48501,0.49392
318,0.48496,0.49396
319,0.48526,0.49364
320,0.48484,0.49346
321,0.48525,0.49347
322,0.48576,0.49351
323,0.48577,0.49344
324,0.48543,0.49345
325,0.48553,0.49333
326,0.48545,0.49322
327,0.48564,0.49298
328,0.48579,0.49287
329,0.48578,0.49275
330,0.48613,0.49272
331,0.48538,0.49275
332,0.48507,0.49264
333,0.48477,0.49251
334,0.48425,0.49238
335,0.48420,0.49227
336,0.48349,0.49219
337,0.48276,0.49203
338,0.48248,0.49192
339,0.48235,0.49201
340,0.48205,0.49196
341,0.48207,0.49196
342,0.48215,0.49208
343,0.48195,0.49196
344,0.48165,0.49194
345,0.48161,0.49197
346,0.48166,0.49219
347,0.48155,0.49223
348,0.48152,0.49219
349,0.48132,0.49196
350,0.48109,0.49203
351,0.48080,0.49197
352,0.48061,0.49202
353,0.48045,0.49189
354,0.47994,0.49188
355,0.48011,0.49175
356,0.48010,0.49168
357,0.47970,0.49158
358,0.47980,0.49145
359,0.47959,0.49139
360,0.47942,0.49135
361,0.47964,0.49135
362,0.47971,0.49123
363,0.47947,0.49122
364,0.47948,0.49096
365,0.47941,0.49097
366,0.47921,0.49084
367,0.47916,0.49075
368,0.47902,0.49080
369,0.47876,0.49068
370,0.47842,0.49061
371,0.47836,0.49037
372,0.47847,0.49003
373,0.47839,0.49013
374,0.47791,0.48996
375,0.47792,0.48985
376,0.47736,0.48962
377,0.47762,0.48975
378,0.47768,0.48947
379,0.47724,0.48942
380,0.47693,0.48952
381,0.47676,0.48944
382,0.47632,0.48947
383,0.47636,0.48947
384,0.47598,0.48932
385,0.47578,0.48933
386,0.47544,0.48920
387,0.47551,0.48891
388,0.47514,0.48870
389,0.47500,0.48867
390,0.47474,0.48855
391,0.47425,0.48820
392,0.47394,0.48804
393,0.47361,0.48787
394,0.47391,0.48789
395,0.47377,0.48768
396,0.47373,0.48761
397,0.47377,0.48757
398,0.47355,0.48724
399,0.47301,0.48717
400,0.47284,0.48713
401,0.47305,0.48714
402,0.47262,0.48726
403,0.47222,0.48704
404,0.47243,0.48692
405,0.47211,0.48695
406,0.47179,0.48683
407,0.47165,0.48663
408,0.47213,0.48647
409,0.47171,0.48655
410,0.47138,0.48650
411,0.47091,0.48645
412,0.47072,0.48637
413,0.47056,0.48636
414,0.47024,0.48617
415,0.46942,0.48606
416,0.46907,0.48620
417,0.46931,0.48616
418,0.46941,0.48604
419,0.46910,0.48596
420,0.46879,0.48570
421,0.46866,0.48574
422,0.46859,0.48571
423,0.46867,0.48557
424,0.46843,0.48564
425,0.46810,0.48555
426,0.46766,0.48566
427,0.46700,0.48559
428,0.46736,0.48546
429,0.46744,0.48530
430,0.46746,0.48518
431,0.46716,0.48497
432,0.46699,0.48493
433,0.46661,0.48474
434,0.46647,0.48450
435,0.46651,0.48439
436,0.46638,0.48428
437,0.46577,0.48419
438,0.46561,0.48404
439,0.46536,0.48377
440,0.46497,0.48381
441,0.46527,0.48374
442,0.46489,0.48363
443,0.46392,0.48346
444,0.46395,0.48335
445,0.46338,0.48324
446,0.46323,0.48296
447,0.46277,0.48289
448,0.46250,0.48263
449,0.46227,0.48244
450,0.46201,0.48238
451,0.46202,0.48225
452,0.46193,0.48221
453,0.46144,0.48209
454,0.46122,0.48217
455,0.46124,0.48201
456,0.46122,0.48204
457,0.46095,0.48183
458,0.46066,0.48179
459,0.46021,0.48179
460,0.46004,0.48165
461,0.45980,0.48153
462,0.45973,0.48133
463,0.45971,0.48115
464,0.45935,0.48110
465,0.45886,0.48103
466,0.45857,0.48092
467,0.45878,0.48073
468,0.45885,0.48067
469,0.45843,0.48065
470,0.45838,0.48053
471,0.45772,0.48051
472,0.45782,0.48035
473,0.45724,0.48026
474,0.45716,0.48018
475,0.45700,0.48009
476,0.45689,0.47992
477,0.45681,0.47984
478,0.45647,0.47972
479,0.45610,0.47970
480,0.45597,0.47948
481,0.45574,0.47937
482,0.45555,0.47918
483,0.45503,0.47904
484,0.45462,0.47895
485,0.45426,0.47849
486,0.45397,0.47842
487,0.45394,0.47831
488,0.45360,0.47807
489,0.45347,0.47793
490,0.45376,0.47775
491,0.45370,0.47753
492,0.45343,0.47743
493,0.45342,0.47728
494,0.45271,0.47738
495,0.45269,0.47725
496,0.45257,0.47704
497,0.45216,0.47687
498,0.45208,0.47655
499,0.45163,0.47641
500,0.45164,0.47637
501,0.45131,0.47634
502,0.45092,0.47640
503,0.45042,0.47616
504,0.45007,0.47580
505,0.44974,0.47574
506,0.44914,0.47563
507,0.44888,0.47567
508,0.44882,0.47559
509,0.44863,0.47532
510,0.44851,0.47533
511,0.44843,0.47537
512,0.44829,0.47518
513,0.44802,0.47504
514,0.44812,0.47492
515,0.44818,0.47497
516,0.44791,0.47492
517,0.44755,0.47489
518,0.44692,0.47482
519,0.44662,0.47481
520,0.44624,0.47467
521,0.44556,0.47459
522,0.44544,0.47450
523,0.44529,0.47426
524,0.44496,0.47422
525,0.44485,0.47397
526,0.44424,0.47407
527,0.44339,0.47405
528,0.44325,0.47375
529,0.44294,0.47348
530,0.44280,0.47346
531,0.44270,0.47345
532,0.44251,0.47325
533,0.44186,0.47309
534,0.44140,0.47275
535,0.44109,0.47256
536,0.44063,0.47241
537,0.44021,0.47222
538,0.43976,0.47212
539,0.43935,0.47192
540,0.43935,0.47178
541,0.43871,0.47174
542,0.43874,0.47160
543,0.43845,0.47142
544,0.43840,0.47116
545,0.43840,0.47108
546,0.43824,0.47088
547,0.43800,0.47062
548,0.43778,0.47056
549,0.43718,0.47058
550,0.43671,0.47028
551,0.43613,0.47039
552,0.43610,0.47033
553,0.43597,0.47020
554,0.43567,0.47026
555,0.43526,0.47020
556,0.43457,0.47016
557,0.43434,0.47013
558,0.43423,0.47006
559,0.43384,0.46990
560,0.43370,0.46979
561,0.43356,0.46969
562,0.43352,0.46960
563,0.43297,0.46947
564,0.43252,0.46935
565,0.43209,0.46928
566,0.43171,0.46912
567,0.43133,0.46896
568,0.43107,0.46884
569,0.43065,0.46880
570,0.43019,0.46849
571,0.42966,0.46833
572,0.42978,0.46820
573,0.42912,0.46792
574,0.42885,0.46765
575,0.42877,0.46749
576,0.42856,0.46722
577,0.42810,0.46716
578,0.42761,0.46693
579,0.42726,0.46672
580,0.42713,0.46640
581,0.42692,0.46626
582,0.42630,0.46616
583,0.42632,0.46585
584,0.42599,0.46577
585,0.42576,0.46573
586,0.42540,0.46560
587,0.42526,0.46554
588,0.42504,0.46546
589,0.42451,0.46515
590,0.42412,0.46509
591,0.42403,0.46494
592,0.42364,0.46471
593,0.42338,0.46456
594,0.42316,0.46435
595,0.42271,0.46418
596,0.42240,0.46395
597,0.42212,0.46375
598,0.42175,0.46352
599,0.42152,0.46332
600,0.42106,0.46325
601,0.42079,0.46300
602,0.42038,0.46291
603,0.42001,0.46273
604,0.41929,0.46260
605,0.41880,0.46237
606,0.41806,0.46193
607,0.41788,0.46179
608,0.41718,0.46165
609,0.41706,0.46137
610,0.41665,0.46135
611,0.41621,0.46133
612,0.41585,0.46120
613,0.41550,0.46103
614,0.41505,0.46084
615,0.41449,0.46075
616,0.41400,0.46058
617,0.41346,0.46045
618,0.41306,0.46028
619,0.41273,0.46010
620,0.41241,0.46000
621,0.41222,0.45970
622,0.41200,0.45950
623,0.41133,0.45948
624,0.41102,0.45931
625,0.41058,0.45918
626,0.41029,0.45898
627,0.40985,0.45871
628,0.40943,0.45847
629,0.40887,0.45831
630,0.40840,0.45807
631,0.40838,0.45782
632,0.40802,0.45758
633,0.40747,0.45743
634,0.40692,0.45719
635,0.40648,0.45695
636,0.40609,0.45693
637,0.40577,0.45684
638,0.40518,0.45661
639,0.40496,0.45643
640,0.40464,0.45622
641,0.40416,0.45606
642,0.40402,0.45590
643,0.40388,0.45581
644,0.40355,0.45557
645,0.40311,0.45534
646,0.40273,0.45504
647,0.40218,0.45496
648,0.40173,0.45469
649,0.40111,0.45455
650,0.40070,0.45451
651,0.39993,0.45445
652,0.39967,0.45421
653,0.39950,0.45410
654,0.39927,0.45398
655,0.39864,0.45383
656,0.39813,0.45374
657,0.39746,0.45357
658,0.39706,0.45338
659,0.39666,0.45327
660,0.39615,0.45311
661,0.39563,0.45300
662,0.39514,0.45272
663,0.39454,0.45254
664,0.39450,0.45230
665,0.39387,0.45209
666,0.39343,0.45178
667,0.39296,0.45160
668,0.39240,0.45137
669,0.39187,0.45110
670,0.39133,0.45096
671,0.39086,0.45080
672,0.39068,0.45059
673,0.39014,0.45046
674,0.38981,0.45030
675,0.38905,0.45009
676,0.38869,0.44987
677,0.38866,0.44958
678,0.38845,0.44931
679,0.38776,0.44903
680,0.38741,0.44886
681,0.38655,0.44867
682,0.38586,0.44834
683,0.38523,0.44805
684,0.38451,0.44779
685,0.38413,0.44759
686,0.38368,0.44741
687,0.38296,0.44731
688,0.38234,0.44710
689,0.38198,0.44678
690,0.38173,0.44651
691,0.38141,0.44619
692,0.38073,0.44604
693,0.38036,0.44560
694,0.37982,0.44539
695,0.37922,0.44509
696,0.37877,0.44487
697,0.37845,0.44474
698,0.37781,0.44455
699,0.37782,0.44443
700,0.37709,0.44411
701,0.37648,0.44382
702,0.37566,0.44346
703,0.37546,0.44306
704,0.37491,0.44294
705,0.37409,0.44268
706,0.37361,0.44237
707,0.37345,0.44230
708,0.37313,0.44208
709,0.37261,0.44190
710,0.37189,0.44170
711,0.37124,0.44154
712,0.37089,0.44134
713,0.37032,0.44107
714,0.36977,0.44083
715,0.36930,0.44053
716,0.36878,0.44044
717,0.36837,0.44021
718,0.36800,0.43991
719,0.36756,0.43968
720,0.36707,0.43945
721,0.36631,0.43919
722,0.36604,0.43892
723,0.36581,0.43866
724,0.36516,0.43856
725,0.36475,0.43817
726,0.36398,0.43784
727,0.36350,0.43760
728,0.36298,0.43755
729,0.36235,0.43734
730,0.36208,0.43711
731,0.36168,0.43692
732,0.36096,0.43678
733,0.36042,0.43655
734,0.35996,0.43627
735,0.35938,0.43612
736,0.35876,0.43586
737,0.35829,0.43560
738,0.35763,0.43531
739,0.35726,0.43511
740,0.35639,0.43487
741,0.35559,0.43461
742,0.35512,0.43441
743,0.35478,0.43432
744,0.35407,0.43399
745,0.35347,0.43371
746,0.35273,0.43340
747,0.35237,0.43322
748,0.35160,0.43299
749,0.35141,0.43275
750,0.35097,0.43248
751,0.35013,0.43235
752,0.34965,0.43202
753,0.34906,0.43182
754,0.34831,0.43141
755,0.34785,0.43135
756,0.34750,0.43112
757,0.34665,0.43079
758,0.34629,0.43037
759,0.34541,0.43007
760,0.34518,0.42967
761,0.34424,0.42954
762,0.34386,0.42926
763,0.34304,0.42901
764,0.34255,0.42875
765,0.34212,0.42858
766,0.34142,0.42836
767,0.34078,0.42814
768,0.34022,0.42784
769,0.33994,0.42759
770,0.33925,0.42738
771,0.33864,0.42713
772,0.33806,0.42706
773,0.33750,0.42667
774,0.33723,0.42641
775,0.33684,0.42605
776,0.33647,0.42577
777,0.33579,0.42551
778,0.33550,0.42521
779,0.33473,0.42495
780,0.33421,0.42473
781,0.33363,0.42448
782,0.33316,0.42429
783,0.33252,0.42406
784,0.33177,0.42387
785,0.33110,0.42357
786,0.33057,0.42334
787,0.32997,0.42329
788,0.32951,0.42294
789,0.32917,0.42281
790,0.32875,0.42257
791,0.32791,0.42230
792,0.32725,0.42205
793,0.32672,0.42182
794,0.32620,0.42160
795,0.32587,0.42132
796,0.32543,0.42112
797,0.32488,0.42070
798,0.32429,0.42039
799,0.32388,0.42013
800,0.32325,0.41984
801,0.32268,0.41960
802,0.32201,0.41942
803,0.32155,0.41917
804,0.32089,0.41892
805,0.32030,0.41870
806,0.31954,0.41846
807,0.31920,0.41819
808,0.31886,0.41789
809,0.31835,0.41771
810,0.31761,0.41749
811,0.31709,0.41722
812,0.31661,0.41690
813,0.31629,0.41671
814,0.31549,0.41646
815,0.31506,0.41624
816,0.31466,0.41596
817,0.31403,0.41570
818,0.31358,0.41537
819,0.31307,0.41509
820,0.31233,0.41469
821,0.31188,0.41452
822,0.31159,0.41417
823,0.31116,0.41392
824,0.31085,0.41379
825,0.31033,0.41362
826,0.30982,0.41344
827,0.30909,0.41312
828,0.30846,0.41302
829,0.30791,0.41283
830,0.30718,0.41259
831,0.30683,0.41247
832,0.30640,0.41223
833,0.30585,0.41197
834,0.30536,0.41176
835,0.30482,0.41170
836,0.30412,0.41137
837,0.30348,0.41109
838,0.30304,0.41095
839,0.30252,0.41064
840,0.30200,0.41035
841,0.30151,0.41013
842,0.30107,0.40996
843,0.30057,0.40974
844,0.30004,0.40947
845,0.29952,0.40917
846,0.29899,0.40888
847,0.29862,0.40871
848,0.29826,0.40848
849,0.29785,0.40817
850,0.29739,0.40786
851,0.29686,0.40773
852,0.29622,0.40761
853,0.29567,0.40736
854,0.29526,0.40720
855,0.29462,0.40698
856,0.29407,0.40682
857,0.29381,0.40664
858,0.29331,0.40641
859,0.29271,0.40610
860,0.29232,0.40585
861,0.29181,0.40566
862,0.29120,0.40540
863,0.29071,0.40516
864,0.29000,0.40489
865,0.28943,0.40474
866,0.28894,0.40448
867,0.28830,0.40427
868,0.28782,0.40398
869,0.28710,0.40367
870,0.28662,0.40344
871,0.28611,0.40319
872,0.28567,0.40287
873,0.28504,0.40279
874,0.28444,0.40259
875,0.28380,0.40235
876,0.28319,0.40214
877,0.28267,0.40191
878,0.28230,0.40167
879,0.28176,0.40141
880,0.28135,0.40117
881,0.28072,0.40084
882,0.28040,0.40063
883,0.27973,0.40045
884,0.27930,0.40013
885,0.27873,0.39995
886,0.27828,0.39969
887,0.27757,0.39940
888,0.27717,0.39921
889,0.27675,0.39898
890,0.27633,0.39879
891,0.27582,0.39859
892,0.27552,0.39833
893,0.27492,0.39814
894,0.27444,0.39793
895,0.27396,0.39759
896,0.27337,0.39737
897,0.27284,0.39715
898,0.27248,0.39703
899,0.27208,0.39688
900,0.27149,0.39655
901,0.27110,0.39642
902,0.27067,0.39621
903,0.27012,0.39591
904,0.26961,0.39577
905,0.26922,0.39551
906,0.26865,0.39531
907,0.26799,0.39513
908,0.26751,0.39490
909,0.26692,0.39477
910,0.26650,0.39453
911,0.26595,0.39433
912,0.26560,0.39411
913,0.26518,0.39390
914,0.26456,0.39361
915,0.26421,0.39336
916,0.26372,0.39314
917,0.26330,0.39302
918,0.26289,0.39283
919,0.26252,0.39259
920,0.26212,0.39236
921,0.26177,0.39213
922,0.26124,0.39198
923,0.26097,0.39175
924,0.26056,0.39158
925,0.26003,0.39138
926,0.25978,0.39128
927,0.25938,0.39111
928,0.25897,0.39092
929,0.25852,0.39089
930,0.25822,0.39080
931,0.25782,0.39065
932,0.25736,0.39047
933,0.25709,0.39032
934,0.25663,0.39015
935,0.25627,0.38994
936,0.25601,0.38984
937,0.25550,0.38962
938,0.25518,0.38945
939,0.25475,0.38933
940,0.25432,0.38919
941,0.25391,0.38900
942,0.25356,0.38886
943,0.25317,0.38873
944,0.25291,0.38856
945,0.25260,0.38837
946,0.25223,0.38826
947,0.25187,0.38817
948,0.25157,0.38794
949,0.25111,0.38783
950,0.25072,0.38770
951,0.25031,0.38758
952,0.24990,0.38752
953,0.24951,0.38747
954,0.24920,0.38730
955,0.24878,0.38725
956,0.24834,0.38711
957,0.24793,0.38704
958,0.24760,0.38696
959,0.24722,0.38688
960,0.24678,0.38676
961,0.24643,0.38668
962,0.24598,0.38652
963,0.24562,0.38638
964,0.24517,0.38627
965,0.24489,0.38621
966,0.24454,0.38615
967,0.24425,0.38604
968,0.24401,0.38598
969,0.24380,0.38583
970,0.24346,0.38575
971,0.24323,0.38570
972,0.24287,0.38566
973,0.24245,0.38558
974,0.24221,0.38549
975,0.24195,0.38543
976,0.24172,0.38531
977,0.24138,0.38524
978,0.24103,0.38516
979,0.24075,0.38505
980,0.24045,0.38494
981,0.24009,0.38493
982,0.23982,0.38482
983,0.23951,0.38473
984,0.23912,0.38464
985,0.23880,0.38464
986,0.23850,0.38458
987,0.23818,0.38458
988,0.23788,0.38449
989,0.23755,0.38441
990,0.23721,0.38434
991,0.23691,0.38432
992,0.23660,0.38428
993,0.23632,0.38421
994,0.23599,0.38414
995,0.23564,0.38409
996,0.23531,0.38401
997,0.23497,0.38398
998,0.23459,0.38393
999,0.23417,0.38390
1000,0.23309,0.38377
