rank,file,witness
0,000555.png,-0.113033
1,000396.png,-0.106130
2,000743.png,-0.105232
3,000183.png,-0.104745
4,000755.png,-0.102135
5,000282.png,-0.101903
6,000873.png,-0.101742
7,000237.png,-0.101178
8,000722.png,-0.100941
9,000998.png,-0.100915
10,000741.png,-0.100601
11,000181.png,-0.100103
12,000162.png,-0.100082
13,000707.png,-0.099864
14,000608.png,-0.099685
15,000173.png,-0.098635
16,000988.png,-0.097941
17,000303.png,-0.097919
18,000943.png,-0.097879
19,000134.png,-0.097694
20,000732.png,-0.097297
21,000880.png,-0.096904
22,000992.png,-0.096160
23,000600.png,-0.095884
24,000932.png,-0.095834
25,000131.png,-0.095645
26,000886.png,-0.095621
27,000757.png,-0.094835
28,000278.png,-0.094366
29,000213.png,-0.093725
30,000786.png,-0.093565
31,000961.png,-0.093434
32,000070.png,-0.093194
33,000468.png,-0.093166
34,000420.png,-0.093050
35,000335.png,-0.092901
36,000962.png,-0.092290
37,000467.png,-0.092163
38,000040.png,-0.092149
39,000833.png,-0.091806
40,000376.png,-0.091601
41,000674.png,-0.091492
42,000357.png,-0.091440
43,000595.png,-0.091431
44,000046.png,-0.090988
45,000499.png,-0.090762
46,000630.png,-0.090622
47,000842.png,-0.090487
48,000661.png,-0.090029
49,000699.png,-0.089900
50,000711.png,-0.089548
51,000318.png,-0.089371
52,000459.png,-0.089319
53,000802.png,-0.089227
54,000897.png,-0.089128
55,000117.png,-0.089106
56,000110.png,-0.089087
57,000307.png,-0.089075
58,000909.png,-0.088794
59,000628.png,-0.088692
60,000625.png,-0.088332
61,000963.png,-0.088308
62,000509.png,-0.088102
63,000461.png,-0.088088
64,000048.png,-0.088077
65,000883.png,-0.087789
66,000787.png,-0.087746
67,000904.png,-0.087663
68,000339.png,-0.087642
69,000254.png,-0.087625
70,000211.png,-0.087539
71,000903.png,-0.087425
72,000532.png,-0.087403
73,000429.png,-0.087391
74,000241.png,-0.087362
75,000844.png,-0.087276
76,000801.png,-0.087240
77,000072.png,-0.087189
78,000726.png,-0.087106
79,000804.png,-0.087058
80,000355.png,-0.087020
81,000686.png,-0.086989
82,000002.png,-0.086904
83,000836.png,-0.086749
84,000506.png,-0.086735
85,000987.png,-0.086497
86,000153.png,-0.086376
87,000562.png,-0.086277
88,000309.png,-0.086147
89,000294.png,-0.086118
90,000399.png,-0.085929
91,000840.png,-0.085851
92,000817.png,-0.085804
93,000434.png,-0.085722
94,000068.png,-0.085625
95,000681.png,-0.085571
96,000107.png,-0.085260
97,000219.png,-0.085225
98,000974.png,-0.085151
99,000382.png,-0.085085
100,000742.png,-0.084863
101,000190.png,-0.084757
102,000337.png,-0.084740
103,000086.png,-0.084729
104,000231.png,-0.084715
105,000474.png,-0.084609
106,000543.png,-0.084585
107,000393.png,-0.084523
108,000330.png,-0.084418
109,000899.png,-0.084292
110,000631.png,-0.084145
111,000574.png,-0.084103
112,000693.png,-0.083992
113,000931.png,-0.083918
114,000536.png,-0.083858
115,000036.png,-0.083713
116,000248.png,-0.083583
117,000287.png,-0.083530
118,000889.png,-0.083479
119,000350.png,-0.083330
120,000174.png,-0.083321
121,000051.png,-0.083301
122,000966.png,-0.083300
123,000657.png,-0.083183
124,000043.png,-0.082845
125,000109.png,-0.082784
126,000832.png,-0.082723
127,000874.png,-0.082713
128,000342.png,-0.082645
129,000364.png,-0.082641
130,000841.png,-0.082408
131,000916.png,-0.082281
132,000926.png,-0.082229
133,000710.png,-0.082130
134,000662.png,-0.081868
135,000675.png,-0.081804
136,000187.png,-0.081692
137,000067.png,-0.081686
138,000869.png,-0.081651
139,000799.png,-0.081497
140,000493.png,-0.081353
141,000410.png,-0.081085
142,000204.png,-0.080981
143,000985.png,-0.080850
144,000983.png,-0.080778
145,000454.png,-0.080562
146,000642.png,-0.080548
147,000469.png,-0.080297
148,000999.png,-0.080100
149,000391.png,-0.080060
150,000056.png,-0.079881
151,000851.png,-0.079784
152,000006.png,-0.079781
153,000576.png,-0.079703
154,000654.png,-0.079675
155,000272.png,-0.079647
156,000235.png,-0.079496
157,000508.png,-0.079076
158,000967.png,-0.078899
159,000991.png,-0.078787
160,000701.png,-0.078656
161,000867.png,-0.078638
162,000778.png,-0.078572
163,000877.png,-0.078542
164,000198.png,-0.078457
165,000161.png,-0.078457
166,000621.png,-0.078436
167,000293.png,-0.078369
168,000472.png,-0.078316
169,000425.png,-0.078231
170,000502.png,-0.078163
171,000730.png,-0.078048
172,000407.png,-0.078033
173,000139.png,-0.078029
174,000570.png,-0.077999
175,000314.png,-0.077914
176,000432.png,-0.077902
177,000422.png,-0.077792
178,000374.png,-0.077617
179,000746.png,-0.077259
180,000993.png,-0.077160
181,000385.png,-0.077124
182,000895.png,-0.077019
183,000927.png,-0.077010
184,000095.png,-0.076995
185,000945.png,-0.076965
186,000984.png,-0.076785
187,000127.png,-0.076740
188,000062.png,-0.076700
189,000389.png,-0.076385
190,000269.png,-0.076328
191,000592.png,-0.076300
192,000922.png,-0.076272
193,000485.png,-0.076090
194,000619.png,-0.076071
195,000875.png,-0.076068
196,000964.png,-0.075959
197,000835.png,-0.075930
198,000872.png,-0.075644
199,000761.png,-0.075638
200,000928.png,-0.075620
201,000412.png,-0.075569
202,000547.png,-0.075525
203,000824.png,-0.075431
204,000008.png,-0.075402
205,000388.png,-0.075334
206,000123.png,-0.075332
207,000085.png,-0.075316
208,000203.png,-0.075240
209,000548.png,-0.075169
210,000565.png,-0.075167
211,000528.png,-0.075098
212,000004.png,-0.075071
213,000717.png,-0.074993
214,000584.png,-0.074738
215,000114.png,-0.074659
216,000739.png,-0.074611
217,000663.png,-0.074554
218,000069.png,-0.074476
219,000319.png,-0.074281
220,000168.png,-0.074264
221,000089.png,-0.074240
222,000539.png,-0.074211
223,000724.png,-0.074210
224,000505.png,-0.074055
225,000982.png,-0.074005
226,000328.png,-0.073934
227,000003.png,-0.073643
228,000648.png,-0.073581
229,000152.png,-0.073291
230,000352.png,-0.073275
231,000014.png,-0.073260
232,000354.png,-0.073121
233,000230.png,-0.072971
234,000936.png,-0.072898
235,000438.png,-0.072767
236,000378.png,-0.072683
237,000776.png,-0.072670
238,000529.png,-0.072646
239,000676.png,-0.072637
240,000855.png,-0.072636
241,000333.png,-0.072627
242,000367.png,-0.072602
243,000800.png,-0.072528
244,000437.png,-0.072490
245,000079.png,-0.072393
246,000271.png,-0.072343
247,000034.png,-0.072266
248,000092.png,-0.072162
249,000524.png,-0.072149
250,000837.png,-0.072139
251,000383.png,-0.072115
252,000369.png,-0.072109
253,000593.png,-0.072103
254,000338.png,-0.072061
255,000597.png,-0.072008
256,000691.png,-0.072000
257,000164.png,-0.071888
258,000538.png,-0.071767
259,000542.png,-0.071762
260,000480.png,-0.071751
261,000812.png,-0.071682
262,000947.png,-0.071590
263,000634.png,-0.071449
264,000446.png,-0.071227
265,000274.png,-0.071165
266,000788.png,-0.071045
267,000188.png,-0.071044
268,000935.png,-0.070994
269,000884.png,-0.070967
270,000759.png,-0.070918
271,000954.png,-0.070890
272,000818.png,-0.070858
273,000768.png,-0.070816
274,000113.png,-0.070811
275,000745.png,-0.070805
276,000402.png,-0.070803
277,000526.png,-0.070750
278,000581.png,-0.070057
279,000501.png,-0.069926
280,000064.png,-0.069886
281,000990.png,-0.069874
282,000575.png,-0.069861
283,000071.png,-0.069844
284,000159.png,-0.069821
285,000986.png,-0.069752
286,000620.png,-0.069558
287,000488.png,-0.069449
288,000552.png,-0.069444
289,000170.png,-0.069403
290,000074.png,-0.069323
291,000664.png,-0.069285
292,000108.png,-0.069266
293,000876.png,-0.069258
294,000424.png,-0.069159
295,000596.png,-0.069046
296,000433.png,-0.069034
297,000102.png,-0.069014
298,000156.png,-0.068956
299,000000.png,-0.068901
300,000589.png,-0.068669
301,000731.png,-0.068569
302,000831.png,-0.068521
303,000059.png,-0.068317
304,000311.png,-0.068276
305,000032.png,-0.068141
306,000329.png,-0.068112
307,000790.png,-0.068076
308,000104.png,-0.067983
309,000640.png,-0.067963
310,000736.png,-0.067956
311,000457.png,-0.067953
312,000063.png,-0.067854
313,000617.png,-0.067826
314,000423.png,-0.067729
315,000076.png,-0.067718
316,000379.png,-0.067340
317,000670.png,-0.067260
318,000829.png,-0.066957
319,000774.png,-0.066907
320,000978.png,-0.066897
321,000811.png,-0.066862
322,000224.png,-0.066847
323,000915.png,-0.066784
324,000751.png,-0.066681
325,000718.png,-0.066636
326,000419.png,-0.066621
327,000261.png,-0.066430
328,000081.png,-0.066395
329,000012.png,-0.066047
330,000626.png,-0.066044
331,000695.png,-0.066026
332,000749.png,-0.065860
333,000735.png,-0.065689
334,000279.png,-0.065577
335,000939.png,-0.065432
336,000550.png,-0.065300
337,000752.png,-0.065262
338,000120.png,-0.065208
339,000445.png,-0.064822
340,000940.png,-0.064634
341,000025.png,-0.064291
342,000955.png,-0.064212
343,000304.png,-0.063947
344,000515.png,-0.063935
345,000587.png,-0.063878
346,000098.png,-0.063855
347,000186.png,-0.063812
348,000336.png,-0.063756
349,000060.png,-0.063712
350,000586.png,-0.063646
351,000124.png,-0.063572
352,000753.png,-0.063561
353,000057.png,-0.063483
354,000256.png,-0.063440
355,000373.png,-0.063412
356,000792.png,-0.063382
357,000058.png,-0.063322
358,000549.png,-0.063189
359,000050.png,-0.063022
360,000066.png,-0.062998
361,000860.png,-0.062824
362,000822.png,-0.062625
363,000222.png,-0.062598
364,000864.png,-0.062595
365,000659.png,-0.062576
366,000444.png,-0.062551
367,000116.png,-0.062507
368,000359.png,-0.062413
369,000557.png,-0.062339
370,000946.png,-0.062326
371,000747.png,-0.062116
372,000541.png,-0.061980
373,000229.png,-0.061941
374,000027.png,-0.061900
375,000838.png,-0.061728
376,000112.png,-0.061620
377,000150.png,-0.061585
378,000723.png,-0.061559
379,000277.png,-0.061536
380,000390.png,-0.061494
381,000365.png,-0.061462
382,000041.png,-0.061458
383,000507.png,-0.061427
384,000148.png,-0.061236
385,000791.png,-0.061226
386,000111.png,-0.060762
387,000901.png,-0.060706
388,000881.png,-0.060663
389,000775.png,-0.060651
390,000115.png,-0.060594
391,000384.png,-0.060476
392,000580.png,-0.060462
393,000846.png,-0.060417
394,000553.png,-0.060373
395,000404.png,-0.060325
396,000952.png,-0.060311
397,000805.png,-0.060107
398,000979.png,-0.060012
399,000128.png,-0.059922
400,000234.png,-0.059406
401,000551.png,-0.059362
402,000372.png,-0.059349
403,000246.png,-0.059276
404,000366.png,-0.059234
405,000603.png,-0.059182
406,000517.png,-0.059180
407,000951.png,-0.059049
408,000994.png,-0.058918
409,000456.png,-0.058670
410,000544.png,-0.058640
411,000096.png,-0.058618
412,000820.png,-0.058610
413,000545.png,-0.058592
414,000453.png,-0.058580
415,000244.png,-0.058465
416,000326.png,-0.058357
417,000527.png,-0.058303
418,000921.png,-0.058158
419,000415.png,-0.058124
420,000197.png,-0.058096
421,000918.png,-0.058005
422,000683.png,-0.057997
423,000370.png,-0.057996
424,000911.png,-0.057940
425,000284.png,-0.057908
426,000358.png,-0.057897
427,000609.png,-0.057713
428,000919.png,-0.057666
429,000780.png,-0.057592
430,000601.png,-0.057536
431,000486.png,-0.057522
432,000047.png,-0.057457
433,000819.png,-0.057439
434,000823.png,-0.057201
435,000920.png,-0.057189
436,000125.png,-0.057133
437,000397.png,-0.057091
438,000411.png,-0.057049
439,000689.png,-0.056734
440,000413.png,-0.056715
441,000854.png,-0.056617
442,000688.png,-0.056604
443,000789.png,-0.056583
444,000511.png,-0.056558
445,000084.png,-0.056513
446,000564.png,-0.056512
447,000888.png,-0.056426
448,000273.png,-0.056350
449,000119.png,-0.056240
450,000448.png,-0.056230
451,000182.png,-0.056194
452,000031.png,-0.056045
453,000504.png,-0.055999
454,000387.png,-0.055826
455,000094.png,-0.055779
456,000021.png,-0.055467
457,000578.png,-0.055460
458,000368.png,-0.055382
459,000300.png,-0.055161
460,000475.png,-0.055072
461,000151.png,-0.054989
462,000857.png,-0.054877
463,000629.png,-0.054656
464,000605.png,-0.054596
465,000106.png,-0.054577
466,000406.png,-0.054564
467,000850.png,-0.054557
468,000853.png,-0.054516
469,000758.png,-0.054511
470,000638.png,-0.054141
471,000896.png,-0.054140
472,000260.png,-0.054134
473,000781.png,-0.053972
474,000720.png,-0.053898
475,000535.png,-0.053621
476,000893.png,-0.053615
477,000236.png,-0.053597
478,000322.png,-0.053596
479,000702.png,-0.053544
480,000249.png,-0.053467
481,000624.png,-0.053448
482,000165.png,-0.053302
483,000297.png,-0.053109
484,000843.png,-0.052938
485,000585.png,-0.052714
486,000149.png,-0.052695
487,000017.png,-0.052421
488,000477.png,-0.052164
489,000925.png,-0.052108
490,000516.png,-0.051928
491,000523.png,-0.051782
492,000295.png,-0.051771
493,000405.png,-0.051626
494,000439.png,-0.051600
495,000484.png,-0.051596
496,000512.png,-0.051484
497,000797.png,-0.051445
498,000088.png,-0.051322
499,000828.png,-0.051176
500,000729.png,-0.051126
501,000209.png,-0.051057
502,000471.png,-0.051028
503,000725.png,-0.050998
504,000794.png,-0.050932
505,000938.png,-0.050885
506,000220.png,-0.050799
507,000132.png,-0.050718
508,000521.png,-0.050697
509,000716.png,-0.050587
510,000814.png,-0.050330
511,000858.png,-0.050289
512,000567.png,-0.050280
513,000184.png,-0.050219
514,000704.png,-0.050062
515,000754.png,-0.050003
516,000242.png,-0.049909
517,000316.png,-0.049877
518,000639.png,-0.049750
519,000907.png,-0.049508
520,000830.png,-0.049249
521,000449.png,-0.049210
522,000633.png,-0.049172
523,000680.png,-0.049165
524,000208.png,-0.049003
525,000466.png,-0.048949
526,000577.png,-0.048859
527,000245.png,-0.048694
528,000890.png,-0.048543
529,000175.png,-0.048531
530,000275.png,-0.048478
531,000341.png,-0.048390
532,000808.png,-0.048348
533,000327.png,-0.048306
534,000133.png,-0.048263
535,000627.png,-0.048183
536,000980.png,-0.048138
537,000078.png,-0.048068
538,000178.png,-0.047827
539,000431.png,-0.047825
540,000171.png,-0.047790
541,000147.png,-0.047766
542,000905.png,-0.047746
543,000462.png,-0.047462
544,000451.png,-0.047457
545,000762.png,-0.047313
546,000418.png,-0.047274
547,000201.png,-0.047170
548,000323.png,-0.047106
549,000158.png,-0.047078
550,000923.png,-0.046920
551,000865.png,-0.046899
552,000142.png,-0.046473
553,000709.png,-0.046441
554,000251.png,-0.046435
555,000914.png,-0.046377
556,000470.png,-0.046216
557,000929.png,-0.046173
558,000559.png,-0.046163
559,000885.png,-0.046109
560,000910.png,-0.046094
561,000065.png,-0.046059
562,000436.png,-0.046016
563,000765.png,-0.045994
564,000317.png,-0.045869
565,000215.png,-0.045659
566,000169.png,-0.045640
567,000137.png,-0.045629
568,000672.png,-0.045597
569,000194.png,-0.045510
570,000660.png,-0.045332
571,000809.png,-0.045317
572,000784.png,-0.045280
573,000773.png,-0.045191
574,000195.png,-0.045035
575,000375.png,-0.044966
576,000408.png,-0.044953
577,000426.png,-0.044944
578,000771.png,-0.044883
579,000678.png,-0.044416
580,000262.png,-0.044390
581,000531.png,-0.044299
582,000315.png,-0.044286
583,000290.png,-0.044226
584,000537.png,-0.044097
585,000682.png,-0.043850
586,000267.png,-0.043783
587,000740.png,-0.043778
588,000403.png,-0.043560
589,000349.png,-0.043544
590,000871.png,-0.043536
591,000291.png,-0.043476
592,000671.png,-0.043472
593,000073.png,-0.043457
594,000599.png,-0.043421
595,000522.png,-0.043135
596,000852.png,-0.043109
597,000623.png,-0.043084
598,000020.png,-0.043049
599,000028.png,-0.042988
600,000212.png,-0.042950
601,000546.png,-0.042751
602,000803.png,-0.042661
603,000560.png,-0.042633
604,000288.png,-0.042557
605,000513.png,-0.042400
606,000748.png,-0.042394
607,000200.png,-0.042293
608,000950.png,-0.042201
609,000766.png,-0.042122
610,000643.png,-0.042113
611,000024.png,-0.042045
612,000157.png,-0.041959
613,000362.png,-0.041883
614,000690.png,-0.041811
615,000250.png,-0.041803
616,000700.png,-0.041750
617,000455.png,-0.041717
618,000495.png,-0.041511
619,000913.png,-0.041367
620,000744.png,-0.041366
621,000265.png,-0.041339
622,000977.png,-0.041192
623,000258.png,-0.041170
624,000692.png,-0.041073
625,000442.png,-0.041042
626,000421.png,-0.041018
627,000136.png,-0.040977
628,000868.png,-0.040977
629,000019.png,-0.040881
630,000091.png,-0.040857
631,000859.png,-0.040796
632,000009.png,-0.040763
633,000942.png,-0.040729
634,000572.png,-0.040670
635,000392.png,-0.040665
636,000948.png,-0.040654
637,000055.png,-0.040490
638,000398.png,-0.040487
639,000696.png,-0.040467
640,000685.png,-0.040334
641,000289.png,-0.040268
642,000135.png,-0.040243
643,000331.png,-0.040120
644,000989.png,-0.039969
645,000129.png,-0.039902
646,000713.png,-0.039881
647,000029.png,-0.039861
648,000214.png,-0.039839
649,000202.png,-0.039820
650,000698.png,-0.039791
651,000924.png,-0.039783
652,000463.png,-0.039761
653,000958.png,-0.039739
654,000310.png,-0.039690
655,000684.png,-0.039685
656,000026.png,-0.039581
657,000734.png,-0.039484
658,000093.png,-0.039368
659,000377.png,-0.039337
660,000827.png,-0.039306
661,000653.png,-0.039223
662,000481.png,-0.039001
663,000996.png,-0.038958
664,000673.png,-0.038943
665,000460.png,-0.038569
666,000898.png,-0.038495
667,000239.png,-0.038491
668,000305.png,-0.038428
669,000594.png,-0.038284
670,000130.png,-0.038221
671,000298.png,-0.038203
672,000013.png,-0.038166
673,000861.png,-0.038154
674,000847.png,-0.038089
675,000721.png,-0.037984
676,000099.png,-0.037744
677,000719.png,-0.037697
678,000756.png,-0.037551
679,000798.png,-0.037476
680,000976.png,-0.037427
681,000637.png,-0.037412
682,000226.png,-0.037358
683,000579.png,-0.037244
684,000705.png,-0.037230
685,000795.png,-0.037225
686,000561.png,-0.037112
687,000238.png,-0.037073
688,000568.png,-0.036978
689,000001.png,-0.036964
690,000308.png,-0.036964
691,000760.png,-0.036875
692,000160.png,-0.036833
693,000441.png,-0.036785
694,000667.png,-0.036730
695,000146.png,-0.036721
696,000371.png,-0.036705
697,000793.png,-0.036687
698,000348.png,-0.036686
699,000030.png,-0.036546
700,000465.png,-0.036507
701,000037.png,-0.036468
702,000764.png,-0.036419
703,000908.png,-0.036337
704,000665.png,-0.036316
705,000772.png,-0.036253
706,000039.png,-0.036207
707,000641.png,-0.036112
708,000321.png,-0.036042
709,000655.png,-0.035969
710,000492.png,-0.035883
711,000199.png,-0.035879
712,000011.png,-0.035844
713,000360.png,-0.035725
714,000301.png,-0.035692
715,000054.png,-0.035688
716,000687.png,-0.035672
717,000806.png,-0.035571
718,000571.png,-0.035518
719,000965.png,-0.035426
720,000616.png,-0.035310
721,000083.png,-0.035205
722,000613.png,-0.034958
723,000052.png,-0.034951
724,000785.png,-0.034949
725,000815.png,-0.034901
726,000223.png,-0.034634
727,000332.png,-0.034612
728,000953.png,-0.034413
729,000612.png,-0.034406
730,000325.png,-0.034258
731,000810.png,-0.034240
732,000834.png,-0.034134
733,000651.png,-0.034036
734,000669.png,-0.034031
735,000949.png,-0.034026
736,000956.png,-0.033977
737,000414.png,-0.033912
738,000167.png,-0.033635
739,000281.png,-0.033623
740,000563.png,-0.033576
741,000530.png,-0.033563
742,000583.png,-0.033471
743,000010.png,-0.033414
744,000395.png,-0.033412
745,000090.png,-0.033226
746,000652.png,-0.033195
747,000534.png,-0.033192
748,000440.png,-0.033038
749,000356.png,-0.032773
750,000770.png,-0.032738
751,000658.png,-0.032692
752,000343.png,-0.032669
753,000263.png,-0.032650
754,000554.png,-0.032544
755,000941.png,-0.032432
756,000023.png,-0.032371
757,000179.png,-0.032285
758,000428.png,-0.032261
759,000296.png,-0.032201
760,000163.png,-0.032130
761,000154.png,-0.032102
762,000233.png,-0.031900
763,000227.png,-0.031882
764,000839.png,-0.031862
765,000715.png,-0.031716
766,000400.png,-0.031666
767,000035.png,-0.031593
768,000381.png,-0.031570
769,000514.png,-0.031535
770,000045.png,-0.031530
771,000053.png,-0.031511
772,000192.png,-0.031410
773,000650.png,-0.031375
774,000591.png,-0.031370
775,000044.png,-0.031308
776,000569.png,-0.031198
777,000121.png,-0.031078
778,000334.png,-0.030883
779,000848.png,-0.030827
780,000344.png,-0.030746
781,000779.png,-0.030705
782,000981.png,-0.030704
783,000588.png,-0.030683
784,000878.png,-0.030646
785,000228.png,-0.030571
786,000614.png,-0.030295
787,000959.png,-0.030249
788,000145.png,-0.030233
789,000518.png,-0.030179
790,000902.png,-0.030153
791,000618.png,-0.029944
792,000882.png,-0.029856
793,000122.png,-0.029815
794,000520.png,-0.029804
795,000656.png,-0.029754
796,000340.png,-0.029647
797,000320.png,-0.029616
798,000313.png,-0.029599
799,000306.png,-0.029494
800,000218.png,-0.029368
801,000180.png,-0.029326
802,000863.png,-0.029175
803,000957.png,-0.029040
804,000622.png,-0.028945
805,000118.png,-0.028813
806,000225.png,-0.028657
807,000971.png,-0.028652
808,000645.png,-0.028618
809,000606.png,-0.028589
810,000217.png,-0.028550
811,000489.png,-0.028490
812,000255.png,-0.028482
813,000482.png,-0.028287
814,000286.png,-0.028185
815,000292.png,-0.027923
816,000176.png,-0.027914
817,000430.png,-0.027905
818,000077.png,-0.027866
819,000763.png,-0.027846
820,000497.png,-0.027649
821,000632.png,-0.027533
822,000708.png,-0.027454
823,000849.png,-0.027413
824,000777.png,-0.027407
825,000769.png,-0.027393
826,000644.png,-0.027359
827,000556.png,-0.027318
828,000714.png,-0.027309
829,000080.png,-0.027292
830,000610.png,-0.027240
831,000038.png,-0.027222
832,000351.png,-0.027149
833,000105.png,-0.027054
834,000697.png,-0.026999
835,000346.png,-0.026973
836,000324.png,-0.026946
837,000647.png,-0.026829
838,000782.png,-0.026796
839,000479.png,-0.026686
840,000075.png,-0.026577
841,000172.png,-0.026519
842,000259.png,-0.026502
843,000166.png,-0.026468
844,000140.png,-0.026393
845,000607.png,-0.026351
846,000533.png,-0.026255
847,000970.png,-0.026112
848,000312.png,-0.026067
849,000646.png,-0.025874
850,000409.png,-0.025870
851,000087.png,-0.025780
852,000394.png,-0.025680
853,000345.png,-0.025608
854,000845.png,-0.025499
855,000900.png,-0.025454
856,000816.png,-0.025454
857,000464.png,-0.025183
858,000435.png,-0.025170
859,000737.png,-0.025133
860,000490.png,-0.025104
861,000635.png,-0.025029
862,000015.png,-0.024801
863,000917.png,-0.024800
864,000363.png,-0.024765
865,000185.png,-0.024740
866,000933.png,-0.024625
867,000968.png,-0.024616
868,000944.png,-0.024603
869,000969.png,-0.024291
870,000813.png,-0.024258
871,000266.png,-0.024204
872,000525.png,-0.024179
873,000796.png,-0.024165
874,000447.png,-0.024096
875,000598.png,-0.023907
876,000892.png,-0.023846
877,000206.png,-0.023779
878,000862.png,-0.023704
879,000007.png,-0.023636
880,000573.png,-0.023570
881,000450.png,-0.023392
882,000353.png,-0.023280
883,000082.png,-0.023147
884,000280.png,-0.023135
885,000500.png,-0.023006
886,000826.png,-0.022983
887,000503.png,-0.022982
888,000216.png,-0.022711
889,000483.png,-0.022693
890,000247.png,-0.022650
891,000891.png,-0.022533
892,000193.png,-0.022421
893,000138.png,-0.022244
894,000604.png,-0.022218
895,000049.png,-0.022194
896,000894.png,-0.022130
897,000189.png,-0.022095
898,000347.png,-0.022006
899,000240.png,-0.021934
900,000706.png,-0.021855
901,000666.png,-0.021762
902,000496.png,-0.021697
903,000143.png,-0.021619
904,000458.png,-0.021496
905,000494.png,-0.021483
906,000582.png,-0.021384
907,000887.png,-0.021218
908,000975.png,-0.021207
909,000018.png,-0.021147
910,000022.png,-0.021040
911,000252.png,-0.021000
912,000934.png,-0.020861
913,000733.png,-0.020778
914,000016.png,-0.020741
915,000416.png,-0.020692
916,000144.png,-0.020525
917,000649.png,-0.020518
918,000401.png,-0.020452
919,000510.png,-0.019857
920,000100.png,-0.019804
921,000997.png,-0.019789
922,000566.png,-0.019728
923,000302.png,-0.019609
924,000602.png,-0.019599
925,000703.png,-0.019536
926,000973.png,-0.019431
927,000767.png,-0.019216
928,000299.png,-0.019207
929,000712.png,-0.018959
930,000042.png,-0.018908
931,000960.png,-0.018907
932,000558.png,-0.018852
933,000380.png,-0.018777
934,000155.png,-0.018708
935,000590.png,-0.018367
936,000443.png,-0.018253
937,000452.png,-0.018013
938,000937.png,-0.017875
939,000972.png,-0.017794
940,000103.png,-0.017757
941,000498.png,-0.017686
942,000205.png,-0.017626
943,000141.png,-0.017552
944,000679.png,-0.017363
945,000207.png,-0.016847
946,000912.png,-0.016710
947,000417.png,-0.016203
948,000668.png,-0.016099
949,000268.png,-0.015990
950,000101.png,-0.015981
951,000856.png,-0.015969
952,000879.png,-0.015853
953,000264.png,-0.015847
954,000232.png,-0.015680
955,000866.png,-0.015378
956,000807.png,-0.015301
957,000126.png,-0.015276
958,000540.png,-0.015273
959,000906.png,-0.015220
960,000821.png,-0.015004
961,000361.png,-0.014918
962,000257.png,-0.014917
963,000427.png,-0.014904
964,000270.png,-0.014430
965,000221.png,-0.014114
966,000611.png,-0.014110
967,000487.png,-0.013665
968,000995.png,-0.013406
969,000728.png,-0.013322
970,000196.png,-0.013311
971,000738.png,-0.013291
972,000519.png,-0.013188
973,000930.png,-0.013050
974,000750.png,-0.013011
975,000191.png,-0.012971
976,000783.png,-0.012764
977,000677.png,-0.012732
978,000727.png,-0.012669
979,000005.png,-0.012477
980,000177.png,-0.012216
981,000033.png,-0.011346
982,000476.png,-0.010852
983,000491.png,-0.010569
984,000386.png,-0.010516
985,000061.png,-0.010416
986,000285.png,-0.009801
987,000473.png,-0.008980
988,000615.png,-0.008827
989,000253.png,-0.008347
990,000097.png,-0.006800
991,000210.png,-0.006727
992,000694.png,-0.006585
993,000636.png,-0.006329
994,000825.png,-0.005283
995,000478.png,-0.004550
996,000276.png,-0.002646
997,000870.png,-0.000399
998,000283.png,0.000342
999,000243.png,0.004133
